Daily commit on Sun Jun 22 10:10:57 UTC 2025
Daily commit on Sun Jun 22 10:11:07 UTC 2025
Daily commit on Mon Jun 23 08:14:58 UTC 2025
Daily commit on Mon Jun 23 08:30:44 UTC 2025
Daily commit on Tue Jun 24 08:14:09 UTC 2025
Daily commit on Tue Jun 24 08:30:21 UTC 2025
Daily commit on Wed Jun 25 08:14:13 UTC 2025
Daily commit on Wed Jun 25 08:30:41 UTC 2025
Daily commit on Thu Jun 26 08:13:48 UTC 2025
Daily commit on Thu Jun 26 08:29:58 UTC 2025
Daily commit on Fri Jun 27 08:13:41 UTC 2025
Daily commit on Fri Jun 27 08:29:13 UTC 2025
Daily commit on Sat Jun 28 08:11:41 UTC 2025
Daily commit on Sat Jun 28 08:26:06 UTC 2025
Daily commit on Sun Jun 29 08:11:38 UTC 2025
Daily commit on Sun Jun 29 08:26:27 UTC 2025
Daily commit on Mon Jun 30 08:14:59 UTC 2025
Daily commit on Mon Jun 30 08:30:28 UTC 2025
Daily commit on Tue Jul  1 08:14:12 UTC 2025
Daily commit on Tue Jul  1 08:29:53 UTC 2025
Daily commit on Wed Jul  2 08:13:56 UTC 2025
Daily commit on Wed Jul  2 08:30:02 UTC 2025
Daily commit on Thu Jul  3 08:13:28 UTC 2025
Daily commit on Thu Jul  3 08:29:15 UTC 2025
Daily commit on Fri Jul  4 08:13:41 UTC 2025
Daily commit on Fri Jul  4 08:29:03 UTC 2025
Daily commit on Sat Jul  5 08:11:57 UTC 2025
Daily commit on Sat Jul  5 08:26:31 UTC 2025
Daily commit on Sun Jul  6 08:11:31 UTC 2025
Daily commit on Sun Jul  6 08:26:14 UTC 2025
Daily commit on Mon Jul  7 08:15:03 UTC 2025
Daily commit on Mon Jul  7 08:31:26 UTC 2025
Daily commit on Tue Jul  8 08:14:16 UTC 2025
Daily commit on Tue Jul  8 08:30:08 UTC 2025
Daily commit on Wed Jul  9 08:13:53 UTC 2025
Daily commit on Wed Jul  9 08:29:59 UTC 2025
Daily commit on Thu Jul 10 08:13:53 UTC 2025
Daily commit on Thu Jul 10 08:30:13 UTC 2025
Daily commit on Fri Jul 11 08:13:51 UTC 2025
Daily commit on Fri Jul 11 08:29:49 UTC 2025
Daily commit on Sat Jul 12 08:11:46 UTC 2025
Daily commit on Sat Jul 12 08:26:38 UTC 2025
Daily commit on Sun Jul 13 08:11:51 UTC 2025
Daily commit on Sun Jul 13 08:26:37 UTC 2025
Daily commit on Mon Jul 14 08:15:28 UTC 2025
Daily commit on Mon Jul 14 08:33:19 UTC 2025
Daily commit on Tue Jul 15 08:14:36 UTC 2025
Daily commit on Tue Jul 15 08:30:46 UTC 2025
Daily commit on Wed Jul 16 08:14:11 UTC 2025
Daily commit on Wed Jul 16 08:30:56 UTC 2025
Daily commit on Thu Jul 17 08:14:16 UTC 2025
Daily commit on Thu Jul 17 08:30:48 UTC 2025
Daily commit on Fri Jul 18 08:14:02 UTC 2025
Daily commit on Fri Jul 18 08:30:40 UTC 2025
Daily commit on Sat Jul 19 08:12:25 UTC 2025
Daily commit on Sat Jul 19 08:27:57 UTC 2025
Daily commit on Sun Jul 20 08:12:32 UTC 2025
Daily commit on Sun Jul 20 08:27:39 UTC 2025
Daily commit on Mon Jul 21 08:16:09 UTC 2025
Daily commit on Mon Jul 21 08:34:25 UTC 2025
Daily commit on Tue Jul 22 08:14:55 UTC 2025
Daily commit on Tue Jul 22 08:32:02 UTC 2025
Daily commit on Wed Jul 23 08:14:22 UTC 2025
Daily commit on Wed Jul 23 08:32:19 UTC 2025
Daily commit on Thu Jul 24 08:14:22 UTC 2025
Daily commit on Thu Jul 24 08:31:40 UTC 2025
Daily commit on Fri Jul 25 08:14:04 UTC 2025
Daily commit on Fri Jul 25 08:30:43 UTC 2025
Daily commit on Sat Jul 26 08:12:21 UTC 2025
Daily commit on Sat Jul 26 08:27:56 UTC 2025
Daily commit on Sun Jul 27 08:12:21 UTC 2025
Daily commit on Sun Jul 27 08:27:25 UTC 2025
Daily commit on Mon Jul 28 08:16:00 UTC 2025
Daily commit on Mon Jul 28 08:33:39 UTC 2025
Daily commit on Tue Jul 29 08:14:46 UTC 2025
Daily commit on Tue Jul 29 08:31:56 UTC 2025
Daily commit on Wed Jul 30 08:14:42 UTC 2025
Daily commit on Wed Jul 30 08:32:20 UTC 2025
Daily commit on Thu Jul 31 08:15:15 UTC 2025
Daily commit on Thu Jul 31 08:32:16 UTC 2025
Daily commit on Fri Aug  1 08:14:41 UTC 2025
Daily commit on Fri Aug  1 08:32:22 UTC 2025
Daily commit on Sat Aug  2 08:12:24 UTC 2025
Daily commit on Sat Aug  2 08:27:51 UTC 2025
Daily commit on Sun Aug  3 08:12:27 UTC 2025
Daily commit on Sun Aug  3 08:28:07 UTC 2025
Daily commit on Mon Aug  4 08:16:01 UTC 2025
Daily commit on Mon Aug  4 08:33:39 UTC 2025
Daily commit on Tue Aug  5 08:15:01 UTC 2025
Daily commit on Tue Aug  5 08:32:52 UTC 2025
Daily commit on Wed Aug  6 08:14:57 UTC 2025
Daily commit on Wed Aug  6 08:32:42 UTC 2025
Daily commit on Thu Aug  7 08:14:54 UTC 2025
Daily commit on Thu Aug  7 08:32:43 UTC 2025
Daily commit on Fri Aug  8 08:14:31 UTC 2025
Daily commit on Fri Aug  8 08:32:08 UTC 2025
Daily commit on Sat Aug  9 08:12:16 UTC 2025
Daily commit on Sat Aug  9 08:27:30 UTC 2025
Daily commit on Sun Aug 10 08:12:22 UTC 2025
Daily commit on Sun Aug 10 08:27:51 UTC 2025
Daily commit on Mon Aug 11 08:15:37 UTC 2025
Daily commit on Mon Aug 11 08:33:15 UTC 2025
Daily commit on Tue Aug 12 08:13:50 UTC 2025
Daily commit on Tue Aug 12 08:29:44 UTC 2025
Daily commit on Wed Aug 13 08:13:51 UTC 2025
Daily commit on Wed Aug 13 08:30:24 UTC 2025
Daily commit on Thu Aug 14 08:14:17 UTC 2025
Daily commit on Thu Aug 14 08:30:48 UTC 2025
Daily commit on Fri Aug 15 08:13:55 UTC 2025
Daily commit on Fri Aug 15 08:29:30 UTC 2025
Daily commit on Sat Aug 16 08:12:09 UTC 2025
Daily commit on Sat Aug 16 08:26:43 UTC 2025
Daily commit on Sun Aug 17 08:12:35 UTC 2025
Daily commit on Sun Aug 17 08:27:46 UTC 2025
Daily commit on Mon Aug 18 08:15:36 UTC 2025
Daily commit on Mon Aug 18 08:32:22 UTC 2025
Daily commit on Tue Aug 19 08:13:17 UTC 2025
Daily commit on Tue Aug 19 08:28:34 UTC 2025
Daily commit on Wed Aug 20 08:13:06 UTC 2025
Daily commit on Wed Aug 20 08:28:28 UTC 2025
Daily commit on Thu Aug 21 08:13:19 UTC 2025
Daily commit on Thu Aug 21 08:28:12 UTC 2025
Daily commit on Fri Aug 22 08:13:28 UTC 2025
Daily commit on Fri Aug 22 08:28:03 UTC 2025
Daily commit on Sat Aug 23 08:11:14 UTC 2025
Daily commit on Sat Aug 23 08:24:55 UTC 2025
Daily commit on Sun Aug 24 08:11:02 UTC 2025
Daily commit on Sun Aug 24 08:24:34 UTC 2025
Daily commit on Mon Aug 25 08:14:32 UTC 2025
Daily commit on Mon Aug 25 08:30:36 UTC 2025
Daily commit on Tue Aug 26 08:14:15 UTC 2025
Daily commit on Tue Aug 26 08:29:52 UTC 2025
Daily commit on Wed Aug 27 08:12:43 UTC 2025
Daily commit on Wed Aug 27 08:27:25 UTC 2025
Daily commit on Thu Aug 28 08:12:52 UTC 2025
Daily commit on Thu Aug 28 08:27:28 UTC 2025
Daily commit on Fri Aug 29 08:12:22 UTC 2025
Daily commit on Fri Aug 29 08:27:21 UTC 2025
Daily commit on Sat Aug 30 08:10:43 UTC 2025
Daily commit on Sat Aug 30 08:23:57 UTC 2025
Daily commit on Sun Aug 31 08:11:00 UTC 2025
Daily commit on Sun Aug 31 08:23:39 UTC 2025
Daily commit on Mon Sep  1 08:14:25 UTC 2025
Daily commit on Mon Sep  1 08:30:02 UTC 2025
Daily commit on Tue Sep  2 08:13:51 UTC 2025
Daily commit on Tue Sep  2 08:28:29 UTC 2025
Daily commit on Wed Sep  3 08:12:31 UTC 2025
Daily commit on Wed Sep  3 08:26:35 UTC 2025
Daily commit on Thu Sep  4 08:12:21 UTC 2025
Daily commit on Thu Sep  4 08:26:23 UTC 2025
Daily commit on Fri Sep  5 08:12:36 UTC 2025
Daily commit on Fri Sep  5 08:26:42 UTC 2025
Daily commit on Sat Sep  6 08:10:15 UTC 2025
Daily commit on Sat Sep  6 08:22:20 UTC 2025
Daily commit on Sun Sep  7 08:10:17 UTC 2025
Daily commit on Sun Sep  7 08:22:32 UTC 2025
Daily commit on Mon Sep  8 08:14:02 UTC 2025
Daily commit on Mon Sep  8 08:29:26 UTC 2025
Daily commit on Tue Sep  9 08:13:05 UTC 2025
Daily commit on Tue Sep  9 08:27:57 UTC 2025
Daily commit on Wed Sep 10 08:12:53 UTC 2025
Daily commit on Wed Sep 10 08:27:52 UTC 2025
Daily commit on Thu Sep 11 08:13:01 UTC 2025
Daily commit on Thu Sep 11 08:27:12 UTC 2025
Daily commit on Fri Sep 12 08:12:23 UTC 2025
Daily commit on Fri Sep 12 08:26:18 UTC 2025
Daily commit on Sat Sep 13 08:10:25 UTC 2025
Daily commit on Sat Sep 13 08:22:53 UTC 2025
Daily commit on Sun Sep 14 08:10:32 UTC 2025
Daily commit on Sun Sep 14 08:23:00 UTC 2025
Daily commit on Mon Sep 15 08:13:32 UTC 2025
Daily commit on Mon Sep 15 08:27:52 UTC 2025
Daily commit on Tue Sep 16 08:13:22 UTC 2025
Daily commit on Tue Sep 16 08:28:01 UTC 2025
Daily commit on Wed Sep 17 08:12:41 UTC 2025
Daily commit on Wed Sep 17 08:27:12 UTC 2025
Daily commit on Thu Sep 18 08:12:24 UTC 2025
Daily commit on Thu Sep 18 08:26:51 UTC 2025
Daily commit on Fri Sep 19 08:12:43 UTC 2025
Daily commit on Fri Sep 19 08:26:58 UTC 2025
Daily commit on Sat Sep 20 08:10:48 UTC 2025
Daily commit on Sat Sep 20 08:24:02 UTC 2025
Daily commit on Sun Sep 21 08:10:15 UTC 2025
Daily commit on Sun Sep 21 08:22:24 UTC 2025
Daily commit on Mon Sep 22 08:13:52 UTC 2025
Daily commit on Mon Sep 22 08:28:45 UTC 2025
Daily commit on Tue Sep 23 08:12:51 UTC 2025
Daily commit on Tue Sep 23 08:26:58 UTC 2025
Daily commit on Wed Sep 24 08:13:22 UTC 2025
Daily commit on Wed Sep 24 08:28:03 UTC 2025
Daily commit on Thu Sep 25 08:12:49 UTC 2025
Daily commit on Thu Sep 25 08:27:34 UTC 2025
Daily commit on Fri Sep 26 08:13:03 UTC 2025
Daily commit on Fri Sep 26 08:27:59 UTC 2025
Daily commit on Sat Sep 27 08:10:28 UTC 2025
Daily commit on Sat Sep 27 08:23:07 UTC 2025
Daily commit on Sun Sep 28 08:10:29 UTC 2025
Daily commit on Sun Sep 28 08:23:10 UTC 2025
Daily commit on Mon Sep 29 08:14:28 UTC 2025
Daily commit on Mon Sep 29 08:30:20 UTC 2025
Daily commit on Tue Sep 30 08:13:36 UTC 2025
Daily commit on Tue Sep 30 08:28:55 UTC 2025
Daily commit on Wed Oct  1 08:13:38 UTC 2025
Daily commit on Wed Oct  1 08:27:42 UTC 2025
Daily commit on Thu Oct  2 08:12:13 UTC 2025
Daily commit on Thu Oct  2 08:26:34 UTC 2025
Daily commit on Fri Oct  3 08:12:14 UTC 2025
Daily commit on Fri Oct  3 08:26:30 UTC 2025
Daily commit on Sat Oct  4 08:10:18 UTC 2025
Daily commit on Sat Oct  4 08:23:54 UTC 2025
Daily commit on Sun Oct  5 08:10:57 UTC 2025
Daily commit on Sun Oct  5 08:23:10 UTC 2025
Daily commit on Mon Oct  6 08:13:21 UTC 2025
Daily commit on Mon Oct  6 08:27:42 UTC 2025
Daily commit on Tue Oct  7 08:13:41 UTC 2025
Daily commit on Tue Oct  7 08:27:59 UTC 2025
Daily commit on Wed Oct  8 08:13:46 UTC 2025
Daily commit on Wed Oct  8 08:28:26 UTC 2025
Daily commit on Thu Oct  9 08:12:46 UTC 2025
Daily commit on Thu Oct  9 08:28:06 UTC 2025
Daily commit on Fri Oct 10 08:13:35 UTC 2025
Daily commit on Fri Oct 10 08:27:41 UTC 2025
Daily commit on Sat Oct 11 08:11:12 UTC 2025
Daily commit on Sat Oct 11 08:23:39 UTC 2025
Daily commit on Sun Oct 12 08:11:03 UTC 2025
Daily commit on Sun Oct 12 08:23:58 UTC 2025
Daily commit on Mon Oct 13 08:14:18 UTC 2025
Daily commit on Mon Oct 13 08:30:46 UTC 2025
Daily commit on Tue Oct 14 08:12:07 UTC 2025
Daily commit on Tue Oct 14 08:26:12 UTC 2025
Daily commit on Wed Oct 15 08:13:55 UTC 2025
Daily commit on Wed Oct 15 08:29:17 UTC 2025
Daily commit on Thu Oct 16 08:13:56 UTC 2025
Daily commit on Thu Oct 16 08:29:37 UTC 2025
Daily commit on Fri Oct 17 08:13:36 UTC 2025
Daily commit on Fri Oct 17 08:28:24 UTC 2025
Daily commit on Sat Oct 18 08:11:39 UTC 2025
Daily commit on Sat Oct 18 08:25:25 UTC 2025
Daily commit on Sun Oct 19 08:10:54 UTC 2025
Daily commit on Sun Oct 19 08:23:58 UTC 2025
Daily commit on Mon Oct 20 08:14:02 UTC 2025
Daily commit on Mon Oct 20 08:28:57 UTC 2025
Daily commit on Tue Oct 21 08:14:23 UTC 2025
Daily commit on Tue Oct 21 08:30:10 UTC 2025
Daily commit on Wed Oct 22 08:14:52 UTC 2025
Daily commit on Wed Oct 22 08:31:04 UTC 2025
Daily commit on Thu Oct 23 08:13:50 UTC 2025
Daily commit on Thu Oct 23 08:29:24 UTC 2025
Daily commit on Fri Oct 24 08:13:27 UTC 2025
Daily commit on Fri Oct 24 08:28:26 UTC 2025
Daily commit on Sat Oct 25 08:11:12 UTC 2025
Daily commit on Sat Oct 25 08:24:38 UTC 2025
Daily commit on Sun Oct 26 08:11:44 UTC 2025
Daily commit on Sun Oct 26 08:25:02 UTC 2025
Daily commit on Mon Oct 27 08:14:14 UTC 2025
Daily commit on Mon Oct 27 08:29:37 UTC 2025
Daily commit on Tue Oct 28 08:13:48 UTC 2025
Daily commit on Tue Oct 28 08:29:32 UTC 2025
Daily commit on Wed Oct 29 08:13:54 UTC 2025
Daily commit on Wed Oct 29 08:29:56 UTC 2025
Daily commit on Thu Oct 30 08:13:22 UTC 2025
Daily commit on Thu Oct 30 08:28:01 UTC 2025
Daily commit on Fri Oct 31 08:13:11 UTC 2025
Daily commit on Fri Oct 31 08:27:46 UTC 2025
Daily commit on Sat Nov  1 08:11:09 UTC 2025
Daily commit on Sat Nov  1 08:24:41 UTC 2025
Daily commit on Sun Nov  2 08:11:03 UTC 2025
Daily commit on Sun Nov  2 08:24:03 UTC 2025
Daily commit on Mon Nov  3 08:14:39 UTC 2025
Daily commit on Mon Nov  3 08:30:35 UTC 2025
Daily commit on Tue Nov  4 08:13:48 UTC 2025
Daily commit on Tue Nov  4 08:30:26 UTC 2025
Daily commit on Wed Nov  5 08:13:50 UTC 2025
Daily commit on Wed Nov  5 08:30:14 UTC 2025
Daily commit on Thu Nov  6 08:13:41 UTC 2025
Daily commit on Thu Nov  6 08:29:46 UTC 2025
Daily commit on Fri Nov  7 08:13:46 UTC 2025
Daily commit on Fri Nov  7 08:29:35 UTC 2025
Daily commit on Sat Nov  8 08:11:35 UTC 2025
Daily commit on Sat Nov  8 08:25:30 UTC 2025
Daily commit on Sun Nov  9 08:10:59 UTC 2025
Daily commit on Sun Nov  9 08:24:03 UTC 2025
Daily commit on Mon Nov 10 08:15:07 UTC 2025
Daily commit on Mon Nov 10 08:31:00 UTC 2025
Daily commit on Tue Nov 11 08:13:33 UTC 2025
Daily commit on Tue Nov 11 08:29:18 UTC 2025
Daily commit on Wed Nov 12 08:14:00 UTC 2025
Daily commit on Wed Nov 12 08:30:17 UTC 2025
Daily commit on Thu Nov 13 08:13:34 UTC 2025
Daily commit on Thu Nov 13 08:29:28 UTC 2025
Daily commit on Fri Nov 14 08:13:39 UTC 2025
Daily commit on Fri Nov 14 08:29:12 UTC 2025
Daily commit on Sat Nov 15 08:11:21 UTC 2025
Daily commit on Sat Nov 15 08:25:45 UTC 2025
Daily commit on Sun Nov 16 08:11:47 UTC 2025
Daily commit on Sun Nov 16 08:26:21 UTC 2025
Daily commit on Mon Nov 17 08:15:09 UTC 2025
Daily commit on Mon Nov 17 08:31:48 UTC 2025
Daily commit on Tue Nov 18 08:13:59 UTC 2025
Daily commit on Tue Nov 18 08:30:02 UTC 2025
Daily commit on Wed Nov 19 08:13:55 UTC 2025
Daily commit on Wed Nov 19 08:29:53 UTC 2025
Daily commit on Thu Nov 20 08:14:04 UTC 2025
Daily commit on Thu Nov 20 08:30:29 UTC 2025
Daily commit on Fri Nov 21 08:14:33 UTC 2025
Daily commit on Fri Nov 21 08:30:36 UTC 2025
Daily commit on Sat Nov 22 08:12:12 UTC 2025
Daily commit on Sat Nov 22 08:26:39 UTC 2025
Daily commit on Sun Nov 23 08:12:17 UTC 2025
Daily commit on Sun Nov 23 08:26:46 UTC 2025
Daily commit on Mon Nov 24 08:15:01 UTC 2025
Daily commit on Mon Nov 24 08:31:48 UTC 2025
Daily commit on Tue Nov 25 08:14:41 UTC 2025
Daily commit on Tue Nov 25 08:30:46 UTC 2025
Daily commit on Wed Nov 26 08:14:19 UTC 2025
Daily commit on Wed Nov 26 08:30:24 UTC 2025
Daily commit on Thu Nov 27 08:15:12 UTC 2025
Daily commit on Thu Nov 27 08:30:51 UTC 2025
Daily commit on Fri Nov 28 08:14:38 UTC 2025
Daily commit on Fri Nov 28 08:30:54 UTC 2025
Daily commit on Sat Nov 29 08:12:40 UTC 2025
Daily commit on Sat Nov 29 08:27:53 UTC 2025
Daily commit on Sun Nov 30 08:12:01 UTC 2025
Daily commit on Sun Nov 30 08:26:45 UTC 2025
Daily commit on Mon Dec  1 08:16:27 UTC 2025
Daily commit on Mon Dec  1 08:34:41 UTC 2025
Daily commit on Tue Dec  2 08:15:18 UTC 2025
Daily commit on Tue Dec  2 08:32:38 UTC 2025
Daily commit on Wed Dec  3 08:14:44 UTC 2025
Daily commit on Wed Dec  3 08:31:37 UTC 2025
Daily commit on Thu Dec  4 08:15:27 UTC 2025
Daily commit on Thu Dec  4 08:32:11 UTC 2025
Daily commit on Fri Dec  5 08:14:21 UTC 2025
Daily commit on Fri Dec  5 08:30:32 UTC 2025
Daily commit on Sat Dec  6 08:12:25 UTC 2025
Daily commit on Sat Dec  6 08:27:34 UTC 2025
Daily commit on Sun Dec  7 08:12:09 UTC 2025
Daily commit on Sun Dec  7 08:27:04 UTC 2025
Daily commit on Mon Dec  8 08:16:33 UTC 2025
Daily commit on Mon Dec  8 08:34:08 UTC 2025
Daily commit on Tue Dec  9 08:15:13 UTC 2025
Daily commit on Tue Dec  9 08:33:30 UTC 2025
Daily commit on Wed Dec 10 08:14:54 UTC 2025
Daily commit on Wed Dec 10 08:31:57 UTC 2025
Daily commit on Thu Dec 11 08:15:51 UTC 2025
Daily commit on Thu Dec 11 08:32:56 UTC 2025
Daily commit on Fri Dec 12 08:15:12 UTC 2025
Daily commit on Fri Dec 12 08:33:06 UTC 2025
Daily commit on Sat Dec 13 08:12:58 UTC 2025
Daily commit on Sat Dec 13 08:27:47 UTC 2025
Daily commit on Sun Dec 14 08:12:51 UTC 2025
Daily commit on Sun Dec 14 08:28:24 UTC 2025
Daily commit on Mon Dec 15 08:17:08 UTC 2025
Daily commit on Mon Dec 15 08:35:22 UTC 2025
Daily commit on Tue Dec 16 08:15:28 UTC 2025
Daily commit on Tue Dec 16 08:33:40 UTC 2025
Daily commit on Wed Dec 17 08:15:20 UTC 2025
Daily commit on Wed Dec 17 08:33:32 UTC 2025
Daily commit on Thu Dec 18 08:15:03 UTC 2025
Daily commit on Thu Dec 18 08:32:48 UTC 2025
Daily commit on Fri Dec 19 08:14:57 UTC 2025
Daily commit on Fri Dec 19 08:32:22 UTC 2025
Daily commit on Sat Dec 20 08:12:48 UTC 2025
Daily commit on Sat Dec 20 08:28:04 UTC 2025
Daily commit on Sun Dec 21 08:12:59 UTC 2025
Daily commit on Sun Dec 21 08:28:31 UTC 2025
Daily commit on Mon Dec 22 08:16:04 UTC 2025
Daily commit on Mon Dec 22 08:33:49 UTC 2025
Daily commit on Tue Dec 23 08:15:40 UTC 2025
Daily commit on Tue Dec 23 08:32:46 UTC 2025
Daily commit on Wed Dec 24 08:15:05 UTC 2025
Daily commit on Wed Dec 24 08:32:36 UTC 2025
Daily commit on Thu Dec 25 08:14:47 UTC 2025
Daily commit on Thu Dec 25 08:31:27 UTC 2025
Daily commit on Fri Dec 26 08:14:30 UTC 2025
Daily commit on Fri Dec 26 08:31:19 UTC 2025
Daily commit on Sat Dec 27 08:13:15 UTC 2025
Daily commit on Sat Dec 27 08:29:23 UTC 2025
Daily commit on Sun Dec 28 08:13:17 UTC 2025
Daily commit on Sun Dec 28 08:29:47 UTC 2025
Daily commit on Mon Dec 29 08:16:41 UTC 2025
Daily commit on Mon Dec 29 08:35:04 UTC 2025
Daily commit on Tue Dec 30 08:15:04 UTC 2025
Daily commit on Tue Dec 30 08:32:28 UTC 2025
Daily commit on Wed Dec 31 08:15:06 UTC 2025
Daily commit on Wed Dec 31 08:32:30 UTC 2025
Daily commit on Thu Jan  1 08:14:55 UTC 2026
Daily commit on Thu Jan  1 08:32:05 UTC 2026
Daily commit on Fri Jan  2 08:15:01 UTC 2026
Daily commit on Fri Jan  2 08:32:13 UTC 2026
Daily commit on Sat Jan  3 08:13:28 UTC 2026
Daily commit on Sat Jan  3 08:30:06 UTC 2026
Daily commit on Sun Jan  4 08:13:48 UTC 2026
Daily commit on Sun Jan  4 08:30:45 UTC 2026
Daily commit on Mon Jan  5 08:17:18 UTC 2026
Daily commit on Mon Jan  5 08:36:56 UTC 2026
Daily commit on Tue Jan  6 08:15:50 UTC 2026
Daily commit on Tue Jan  6 08:34:53 UTC 2026
Daily commit on Wed Jan  7 08:15:40 UTC 2026
Daily commit on Wed Jan  7 08:34:15 UTC 2026
Daily commit on Thu Jan  8 08:15:57 UTC 2026
Daily commit on Thu Jan  8 08:34:00 UTC 2026
Daily commit on Fri Jan  9 08:15:48 UTC 2026
Daily commit on Fri Jan  9 08:34:16 UTC 2026
Daily commit on Sat Jan 10 08:13:11 UTC 2026
Daily commit on Sat Jan 10 08:29:33 UTC 2026
Daily commit on Sun Jan 11 08:13:29 UTC 2026
Daily commit on Sun Jan 11 08:29:50 UTC 2026
Daily commit on Mon Jan 12 08:17:12 UTC 2026
Daily commit on Mon Jan 12 08:35:52 UTC 2026
Daily commit on Tue Jan 13 08:15:40 UTC 2026
Daily commit on Tue Jan 13 08:34:10 UTC 2026
Daily commit on Wed Jan 14 08:15:26 UTC 2026
Daily commit on Wed Jan 14 08:34:24 UTC 2026
Daily commit on Thu Jan 15 08:16:19 UTC 2026
Daily commit on Thu Jan 15 08:34:32 UTC 2026
Daily commit on Fri Jan 16 08:15:12 UTC 2026
Daily commit on Fri Jan 16 08:33:40 UTC 2026
Daily commit on Sat Jan 17 08:13:12 UTC 2026
Daily commit on Sat Jan 17 08:29:05 UTC 2026
Daily commit on Sun Jan 18 08:13:13 UTC 2026
Daily commit on Sun Jan 18 08:29:43 UTC 2026
Daily commit on Mon Jan 19 08:18:05 UTC 2026
Daily commit on Mon Jan 19 08:36:41 UTC 2026
Daily commit on Tue Jan 20 08:16:54 UTC 2026
Daily commit on Tue Jan 20 08:35:52 UTC 2026
Daily commit on Wed Jan 21 08:17:07 UTC 2026
Daily commit on Wed Jan 21 08:35:18 UTC 2026
Daily commit on Thu Jan 22 08:16:28 UTC 2026
Daily commit on Thu Jan 22 08:35:58 UTC 2026
Daily commit on Fri Jan 23 08:15:22 UTC 2026
Daily commit on Fri Jan 23 08:33:53 UTC 2026
Daily commit on Sat Jan 24 08:13:23 UTC 2026
Daily commit on Sat Jan 24 08:30:13 UTC 2026
Daily commit on Sun Jan 25 08:13:41 UTC 2026
Daily commit on Sun Jan 25 08:30:38 UTC 2026
Daily commit on Mon Jan 26 08:17:31 UTC 2026
Daily commit on Mon Jan 26 08:36:37 UTC 2026
Daily commit on Tue Jan 27 08:16:53 UTC 2026
Daily commit on Tue Jan 27 08:36:35 UTC 2026
Daily commit on Wed Jan 28 08:16:48 UTC 2026
Daily commit on Wed Jan 28 08:35:59 UTC 2026
Daily commit on Thu Jan 29 08:24:53 UTC 2026
Daily commit on Thu Jan 29 08:43:01 UTC 2026
Daily commit on Fri Jan 30 08:23:31 UTC 2026
Daily commit on Fri Jan 30 08:42:24 UTC 2026
Daily commit on Sat Jan 31 08:15:01 UTC 2026
Daily commit on Sat Jan 31 08:33:53 UTC 2026
Daily commit on Sun Feb  1 08:18:25 UTC 2026
Daily commit on Sun Feb  1 08:35:54 UTC 2026
